{ "frames": {
   "DinoSpriteSheet 0.png": {
    "frame": { "x": 0, "y": 0, "w": 24, "h": 24 },
    "rotated": false,
    "trimmed": false,
    "spriteSourceSize": { "x": 0, "y": 0, "w": 24, "h": 24 },
    "sourceSize": { "w": 24, "h": 24 },
    "duration": 100
   },
   "DinoSpriteSheet 1.png": {
    "frame": { "x": 24, "y": 0, "w": 24, "h": 24 },
    "rotated": false,
    "trimmed": false,
    "spriteSourceSize": { "x": 0, "y": 0, "w": 24, "h": 24 },
    "sourceSize": { "w": 24, "h": 24 },
    "duration": 100
   },
   "DinoSpriteSheet 2.png": {
    "frame": { "x": 48, "y": 0, "w": 24, "h": 24 },
    "rotated": false,
    "trimmed": false,
    "spriteSourceSize": { "x": 0, "y": 0, "w": 24, "h": 24 },
    "sourceSize": { "w": 24, "h": 24 },
    "duration": 100
   },
   "DinoSpriteSheet 3.png": {
    "frame": { "x": 72, "y": 0, "w": 24, "h": 24 },
    "rotated": false,
    "trimmed": false,
    "spriteSourceSize": { "x": 0, "y": 0, "w": 24, "h": 24 },
    "sourceSize": { "w": 24, "h": 24 },
    "duration": 100
   },
   "DinoSpriteSheet 4.png": {
    "frame": { "x": 96, "y": 0, "w": 24, "h": 24 },
    "rotated": false,
    "trimmed": false,
    "spriteSourceSize": { "x": 0, "y": 0, "w": 24, "h": 24 },
    "sourceSize": { "w": 24, "h": 24 },
    "duration": 100
   },
   "DinoSpriteSheet 5.png": {
    "frame": { "x": 120, "y": 0, "w": 24, "h": 24 },
    "rotated": false,
    "trimmed": false,
    "spriteSourceSize": { "x": 0, "y": 0, "w": 24, "h": 24 },
    "sourceSize": { "w": 24, "h": 24 },
    "duration": 100
   },
   "DinoSpriteSheet 6.png": {
    "frame": { "x": 144, "y": 0, "w": 24, "h": 24 },
    "rotated": false,
    "trimmed": false,
    "spriteSourceSize": { "x": 0, "y": 0, "w": 24, "h": 24 },
    "sourceSize": { "w": 24, "h": 24 },
    "duration": 100
   },
   "DinoSpriteSheet 7.png": {
    "frame": { "x": 168, "y": 0, "w": 24, "h": 24 },
    "rotated": false,
    "trimmed": false,
    "spriteSourceSize": { "x": 0, "y": 0, "w": 24, "h": 24 },
    "sourceSize": { "w": 24, "h": 24 },
    "duration": 100
   },
   "DinoSpriteSheet 8.png": {
    "frame": { "x": 192, "y": 0, "w": 24, "h": 24 },
    "rotated": false,
    "trimmed": false,
    "spriteSourceSize": { "x": 0, "y": 0, "w": 24, "h": 24 },
    "sourceSize": { "w": 24, "h": 24 },
    "duration": 100
   },
   "DinoSpriteSheet 9.png": {
    "frame": { "x": 216, "y": 0, "w": 24, "h": 24 },
    "rotated": false,
    "trimmed": false,
    "spriteSourceSize": { "x": 0, "y": 0, "w": 24, "h": 24 },
    "sourceSize": { "w": 24, "h": 24 },
    "duration": 100
   },
   "DinoSpriteSheet 10.png": {
    "frame": { "x": 240, "y": 0, "w": 24, "h": 24 },
    "rotated": false,
    "trimmed": false,
    "spriteSourceSize": { "x": 0, "y": 0, "w": 24, "h": 24 },
    "sourceSize": { "w": 24, "h": 24 },
    "duration": 1000
   },
   "DinoSpriteSheet 11.png": {
    "frame": { "x": 264, "y": 0, "w": 24, "h": 24 },
    "rotated": false,
    "trimmed": false,
    "spriteSourceSize": { "x": 0, "y": 0, "w": 24, "h": 24 },
    "sourceSize": { "w": 24, "h": 24 },
    "duration": 100
   },
   "DinoSpriteSheet 12.png": {
    "frame": { "x": 288, "y": 0, "w": 24, "h": 24 },
    "rotated": false,
    "trimmed": false,
    "spriteSourceSize": { "x": 0, "y": 0, "w": 24, "h": 24 },
    "sourceSize": { "w": 24, "h": 24 },
    "duration": 100
   },
   "DinoSpriteSheet 13.png": {
    "frame": { "x": 312, "y": 0, "w": 24, "h": 24 },
    "rotated": false,
    "trimmed": false,
    "spriteSourceSize": { "x": 0, "y": 0, "w": 24, "h": 24 },
    "sourceSize": { "w": 24, "h": 24 },
    "duration": 100
   },
   "DinoSpriteSheet 14.png": {
    "frame": { "x": 0, "y": 24, "w": 24, "h": 24 },
    "rotated": false,
    "trimmed": false,
    "spriteSourceSize": { "x": 0, "y": 0, "w": 24, "h": 24 },
    "sourceSize": { "w": 24, "h": 24 },
    "duration": 100
   },
   "DinoSpriteSheet 15.png": {
    "frame": { "x": 24, "y": 24, "w": 24, "h": 24 },
    "rotated": false,
    "trimmed": false,
    "spriteSourceSize": { "x": 0, "y": 0, "w": 24, "h": 24 },
    "sourceSize": { "w": 24, "h": 24 },
    "duration": 100
   },
   "DinoSpriteSheet 16.png": {
    "frame": { "x": 48, "y": 24, "w": 24, "h": 24 },
    "rotated": false,
    "trimmed": false,
    "spriteSourceSize": { "x": 0, "y": 0, "w": 24, "h": 24 },
    "sourceSize": { "w": 24, "h": 24 },
    "duration": 100
   },
   "DinoSpriteSheet 17.png": {
    "frame": { "x": 72, "y": 24, "w": 24, "h": 24 },
    "rotated": false,
    "trimmed": false,
    "spriteSourceSize": { "x": 0, "y": 0, "w": 24, "h": 24 },
    "sourceSize": { "w": 24, "h": 24 },
    "duration": 100
   },
   "DinoSpriteSheet 18.png": {
    "frame": { "x": 96, "y": 24, "w": 24, "h": 24 },
    "rotated": false,
    "trimmed": false,
    "spriteSourceSize": { "x": 0, "y": 0, "w": 24, "h": 24 },
    "sourceSize": { "w": 24, "h": 24 },
    "duration": 100
   },
   "DinoSpriteSheet 19.png": {
    "frame": { "x": 120, "y": 24, "w": 24, "h": 24 },
    "rotated": false,
    "trimmed": false,
    "spriteSourceSize": { "x": 0, "y": 0, "w": 24, "h": 24 },
    "sourceSize": { "w": 24, "h": 24 },
    "duration": 100
   },
   "DinoSpriteSheet 20.png": {
    "frame": { "x": 144, "y": 24, "w": 24, "h": 24 },
    "rotated": false,
    "trimmed": false,
    "spriteSourceSize": { "x": 0, "y": 0, "w": 24, "h": 24 },
    "sourceSize": { "w": 24, "h": 24 },
    "duration": 100
   },
   "DinoSpriteSheet 21.png": {
    "frame": { "x": 168, "y": 24, "w": 24, "h": 24 },
    "rotated": false,
    "trimmed": false,
    "spriteSourceSize": { "x": 0, "y": 0, "w": 24, "h": 24 },
    "sourceSize": { "w": 24, "h": 24 },
    "duration": 100
   },
   "DinoSpriteSheet 22.png": {
    "frame": { "x": 192, "y": 24, "w": 24, "h": 24 },
    "rotated": false,
    "trimmed": false,
    "spriteSourceSize": { "x": 0, "y": 0, "w": 24, "h": 24 },
    "sourceSize": { "w": 24, "h": 24 },
    "duration": 100
   },
   "DinoSpriteSheet 23.png": {
    "frame": { "x": 216, "y": 24, "w": 24, "h": 24 },
    "rotated": false,
    "trimmed": false,
    "spriteSourceSize": { "x": 0, "y": 0, "w": 24, "h": 24 },
    "sourceSize": { "w": 24, "h": 24 },
    "duration": 100
   },
   "DinoSpriteSheet 24.png": {
    "frame": { "x": 240, "y": 24, "w": 24, "h": 24 },
    "rotated": false,
    "trimmed": false,
    "spriteSourceSize": { "x": 0, "y": 0, "w": 24, "h": 24 },
    "sourceSize": { "w": 24, "h": 24 },
    "duration": 1000
   },
   "DinoSpriteSheet 25.png": {
    "frame": { "x": 264, "y": 24, "w": 24, "h": 24 },
    "rotated": false,
    "trimmed": false,
    "spriteSourceSize": { "x": 0, "y": 0, "w": 24, "h": 24 },
    "sourceSize": { "w": 24, "h": 24 },
    "duration": 100
   },
   "DinoSpriteSheet 26.png": {
    "frame": { "x": 288, "y": 24, "w": 24, "h": 24 },
    "rotated": false,
    "trimmed": false,
    "spriteSourceSize": { "x": 0, "y": 0, "w": 24, "h": 24 },
    "sourceSize": { "w": 24, "h": 24 },
    "duration": 100
   },
   "DinoSpriteSheet 27.png": {
    "frame": { "x": 312, "y": 24, "w": 24, "h": 24 },
    "rotated": false,
    "trimmed": false,
    "spriteSourceSize": { "x": 0, "y": 0, "w": 24, "h": 24 },
    "sourceSize": { "w": 24, "h": 24 },
    "duration": 100
   },
   "DinoSpriteSheet 28.png": {
    "frame": { "x": 0, "y": 48, "w": 24, "h": 24 },
    "rotated": false,
    "trimmed": false,
    "spriteSourceSize": { "x": 0, "y": 0, "w": 24, "h": 24 },
    "sourceSize": { "w": 24, "h": 24 },
    "duration": 100
   },
   "DinoSpriteSheet 29.png": {
    "frame": { "x": 24, "y": 48, "w": 24, "h": 24 },
    "rotated": false,
    "trimmed": false,
    "spriteSourceSize": { "x": 0, "y": 0, "w": 24, "h": 24 },
    "sourceSize": { "w": 24, "h": 24 },
    "duration": 100
   },
   "DinoSpriteSheet 30.png": {
    "frame": { "x": 48, "y": 48, "w": 24, "h": 24 },
    "rotated": false,
    "trimmed": false,
    "spriteSourceSize": { "x": 0, "y": 0, "w": 24, "h": 24 },
    "sourceSize": { "w": 24, "h": 24 },
    "duration": 100
   },
   "DinoSpriteSheet 31.png": {
    "frame": { "x": 72, "y": 48, "w": 24, "h": 24 },
    "rotated": false,
    "trimmed": false,
    "spriteSourceSize": { "x": 0, "y": 0, "w": 24, "h": 24 },
    "sourceSize": { "w": 24, "h": 24 },
    "duration": 100
   },
   "DinoSpriteSheet 32.png": {
    "frame": { "x": 96, "y": 48, "w": 24, "h": 24 },
    "rotated": false,
    "trimmed": false,
    "spriteSourceSize": { "x": 0, "y": 0, "w": 24, "h": 24 },
    "sourceSize": { "w": 24, "h": 24 },
    "duration": 100
   },
   "DinoSpriteSheet 33.png": {
    "frame": { "x": 120, "y": 48, "w": 24, "h": 24 },
    "rotated": false,
    "trimmed": false,
    "spriteSourceSize": { "x": 0, "y": 0, "w": 24, "h": 24 },
    "sourceSize": { "w": 24, "h": 24 },
    "duration": 100
   },
   "DinoSpriteSheet 34.png": {
    "frame": { "x": 144, "y": 48, "w": 24, "h": 24 },
    "rotated": false,
    "trimmed": false,
    "spriteSourceSize": { "x": 0, "y": 0, "w": 24, "h": 24 },
    "sourceSize": { "w": 24, "h": 24 },
    "duration": 100
   },
   "DinoSpriteSheet 35.png": {
    "frame": { "x": 168, "y": 48, "w": 24, "h": 24 },
    "rotated": false,
    "trimmed": false,
    "spriteSourceSize": { "x": 0, "y": 0, "w": 24, "h": 24 },
    "sourceSize": { "w": 24, "h": 24 },
    "duration": 100
   },
   "DinoSpriteSheet 36.png": {
    "frame": { "x": 192, "y": 48, "w": 24, "h": 24 },
    "rotated": false,
    "trimmed": false,
    "spriteSourceSize": { "x": 0, "y": 0, "w": 24, "h": 24 },
    "sourceSize": { "w": 24, "h": 24 },
    "duration": 100
   },
   "DinoSpriteSheet 37.png": {
    "frame": { "x": 216, "y": 48, "w": 24, "h": 24 },
    "rotated": false,
    "trimmed": false,
    "spriteSourceSize": { "x": 0, "y": 0, "w": 24, "h": 24 },
    "sourceSize": { "w": 24, "h": 24 },
    "duration": 100
   },
   "DinoSpriteSheet 38.png": {
    "frame": { "x": 240, "y": 48, "w": 24, "h": 24 },
    "rotated": false,
    "trimmed": false,
    "spriteSourceSize": { "x": 0, "y": 0, "w": 24, "h": 24 },
    "sourceSize": { "w": 24, "h": 24 },
    "duration": 1000
   },
   "DinoSpriteSheet 39.png": {
    "frame": { "x": 264, "y": 48, "w": 24, "h": 24 },
    "rotated": false,
    "trimmed": false,
    "spriteSourceSize": { "x": 0, "y": 0, "w": 24, "h": 24 },
    "sourceSize": { "w": 24, "h": 24 },
    "duration": 100
   },
   "DinoSpriteSheet 40.png": {
    "frame": { "x": 288, "y": 48, "w": 24, "h": 24 },
    "rotated": false,
    "trimmed": false,
    "spriteSourceSize": { "x": 0, "y": 0, "w": 24, "h": 24 },
    "sourceSize": { "w": 24, "h": 24 },
    "duration": 100
   },
   "DinoSpriteSheet 41.png": {
    "frame": { "x": 312, "y": 48, "w": 24, "h": 24 },
    "rotated": false,
    "trimmed": false,
    "spriteSourceSize": { "x": 0, "y": 0, "w": 24, "h": 24 },
    "sourceSize": { "w": 24, "h": 24 },
    "duration": 100
   },
   "DinoSpriteSheet 42.png": {
    "frame": { "x": 0, "y": 72, "w": 24, "h": 24 },
    "rotated": false,
    "trimmed": false,
    "spriteSourceSize": { "x": 0, "y": 0, "w": 24, "h": 24 },
    "sourceSize": { "w": 24, "h": 24 },
    "duration": 100
   },
   "DinoSpriteSheet 43.png": {
    "frame": { "x": 24, "y": 72, "w": 24, "h": 24 },
    "rotated": false,
    "trimmed": false,
    "spriteSourceSize": { "x": 0, "y": 0, "w": 24, "h": 24 },
    "sourceSize": { "w": 24, "h": 24 },
    "duration": 100
   },
   "DinoSpriteSheet 44.png": {
    "frame": { "x": 48, "y": 72, "w": 24, "h": 24 },
    "rotated": false,
    "trimmed": false,
    "spriteSourceSize": { "x": 0, "y": 0, "w": 24, "h": 24 },
    "sourceSize": { "w": 24, "h": 24 },
    "duration": 100
   },
   "DinoSpriteSheet 45.png": {
    "frame": { "x": 72, "y": 72, "w": 24, "h": 24 },
    "rotated": false,
    "trimmed": false,
    "spriteSourceSize": { "x": 0, "y": 0, "w": 24, "h": 24 },
    "sourceSize": { "w": 24, "h": 24 },
    "duration": 100
   },
   "DinoSpriteSheet 46.png": {
    "frame": { "x": 96, "y": 72, "w": 24, "h": 24 },
    "rotated": false,
    "trimmed": false,
    "spriteSourceSize": { "x": 0, "y": 0, "w": 24, "h": 24 },
    "sourceSize": { "w": 24, "h": 24 },
    "duration": 100
   },
   "DinoSpriteSheet 47.png": {
    "frame": { "x": 120, "y": 72, "w": 24, "h": 24 },
    "rotated": false,
    "trimmed": false,
    "spriteSourceSize": { "x": 0, "y": 0, "w": 24, "h": 24 },
    "sourceSize": { "w": 24, "h": 24 },
    "duration": 100
   },
   "DinoSpriteSheet 48.png": {
    "frame": { "x": 144, "y": 72, "w": 24, "h": 24 },
    "rotated": false,
    "trimmed": false,
    "spriteSourceSize": { "x": 0, "y": 0, "w": 24, "h": 24 },
    "sourceSize": { "w": 24, "h": 24 },
    "duration": 100
   },
   "DinoSpriteSheet 49.png": {
    "frame": { "x": 168, "y": 72, "w": 24, "h": 24 },
    "rotated": false,
    "trimmed": false,
    "spriteSourceSize": { "x": 0, "y": 0, "w": 24, "h": 24 },
    "sourceSize": { "w": 24, "h": 24 },
    "duration": 100
   },
   "DinoSpriteSheet 50.png": {
    "frame": { "x": 192, "y": 72, "w": 24, "h": 24 },
    "rotated": false,
    "trimmed": false,
    "spriteSourceSize": { "x": 0, "y": 0, "w": 24, "h": 24 },
    "sourceSize": { "w": 24, "h": 24 },
    "duration": 100
   },
   "DinoSpriteSheet 51.png": {
    "frame": { "x": 216, "y": 72, "w": 24, "h": 24 },
    "rotated": false,
    "trimmed": false,
    "spriteSourceSize": { "x": 0, "y": 0, "w": 24, "h": 24 },
    "sourceSize": { "w": 24, "h": 24 },
    "duration": 100
   },
   "DinoSpriteSheet 52.png": {
    "frame": { "x": 240, "y": 72, "w": 24, "h": 24 },
    "rotated": false,
    "trimmed": false,
    "spriteSourceSize": { "x": 0, "y": 0, "w": 24, "h": 24 },
    "sourceSize": { "w": 24, "h": 24 },
    "duration": 1000
   },
   "DinoSpriteSheet 53.png": {
    "frame": { "x": 264, "y": 72, "w": 24, "h": 24 },
    "rotated": false,
    "trimmed": false,
    "spriteSourceSize": { "x": 0, "y": 0, "w": 24, "h": 24 },
    "sourceSize": { "w": 24, "h": 24 },
    "duration": 100
   },
   "DinoSpriteSheet 54.png": {
    "frame": { "x": 288, "y": 72, "w": 24, "h": 24 },
    "rotated": false,
    "trimmed": false,
    "spriteSourceSize": { "x": 0, "y": 0, "w": 24, "h": 24 },
    "sourceSize": { "w": 24, "h": 24 },
    "duration": 100
   },
   "DinoSpriteSheet 55.png": {
    "frame": { "x": 312, "y": 72, "w": 24, "h": 24 },
    "rotated": false,
    "trimmed": false,
    "spriteSourceSize": { "x": 0, "y": 0, "w": 24, "h": 24 },
    "sourceSize": { "w": 24, "h": 24 },
    "duration": 100
   }
 },
 "meta": {
  "app": "http://www.aseprite.org/",
  "version": "1.2.2-x64",
  "image": "D:\\Users\\Arks\\Documents\\MEGAsync\\Work\\Design\\Pixel\\Concept4_ nuclear-like\\cont_ dino_concept\\DinoSpriteSheet-sheet.png",
  "format": "I8",
  "size": { "w": 336, "h": 96 },
  "scale": "1",
  "frameTags": [
   { "name": "vita", "from": 0, "to": 13, "direction": "forward" },
   { "name": "idle", "from": 0, "to": 3, "direction": "forward" },
   { "name": "move", "from": 4, "to": 9, "direction": "forward" },
   { "name": "hurt", "from": 10, "to": 13, "direction": "forward" },
   { "name": "mort", "from": 14, "to": 27, "direction": "forward" },
   { "name": "idle", "from": 14, "to": 17, "direction": "forward" },
   { "name": "move", "from": 18, "to": 23, "direction": "forward" },
   { "name": "hurt", "from": 24, "to": 27, "direction": "forward" },
   { "name": "tard", "from": 28, "to": 41, "direction": "forward" },
   { "name": "idle", "from": 28, "to": 31, "direction": "forward" },
   { "name": "move", "from": 32, "to": 37, "direction": "forward" },
   { "name": "hurt", "from": 38, "to": 41, "direction": "forward" },
   { "name": "doux", "from": 42, "to": 55, "direction": "forward" },
   { "name": "idle", "from": 42, "to": 45, "direction": "forward" },
   { "name": "move", "from": 46, "to": 51, "direction": "forward" },
   { "name": "hurt", "from": 52, "to": 55, "direction": "forward" }
  ],
  "layers": [
   { "name": "Sprite Sheet", "opacity": 255, "blendMode": "normal" }
  ],
  "slices": [
  ]
 }
}
